{"v":"5.5.7","meta":{"g":"LottieFiles AE 0.1.20","a":"","k":"","d":"","tc":""},"fr":30,"ip":0,"op":120,"w":1080,"h":1080,"nm":"BALOON","ddd":0,"assets":[],"layers":[{"ddd":0,"ind":1,"ty":4,"nm":"balloon","sr":1,"ks":{"o":{"a":0,"k":100,"ix":11},"r":{"a":0,"k":-20,"ix":10},"p":{"a":1,"k":[{"i":{"x":0.667,"y":1},"o":{"x":0.333,"y":0},"t":0,"s":[609.059,412.13,0],"to":[0,-2.5,0],"ti":[0,0,0]},{"i":{"x":0.667,"y":1},"o":{"x":0.333,"y":0},"t":30,"s":[609.059,397.13,0],"to":[0,0,0],"ti":[0,-2.5,0]},{"t":60,"s":[609.059,412.13,0]}],"ix":2,"x":"var $bm_rt;\n$bm_rt = loopOut('cycle');"},"a":{"a":0,"k":[662.059,374.13,0],"ix":1},"s":{"a":0,"k":[100,100,100],"ix":6}},"ao":0,"shapes":[{"ty":"gr","it":[{"ty":"st","c":{"a":0,"k":[0,0,0,1],"ix":3},"o":{"a":0,"k":100,"ix":4},"w":{"a":0,"k":5,"ix":5},"lc":1,"lj":1,"ml":4,"bm":0,"nm":"Stroke 1","mn":"ADBE Vector Graphic - Stroke","hd":false},{"ty":"tr","p":{"a":0,"k":[0,0],"ix":2},"a":{"a":0,"k":[0,0],"ix":1},"s":{"a":0,"k":[100,100],"ix":3},"r":{"a":0,"k":0,"ix":6},"o":{"a":0,"k":100,"ix":7},"sk":{"a":0,"k":0,"ix":4},"sa":{"a":0,"k":0,"ix":5},"nm":"Transform"}],"nm":"Shape 1","np":2,"cix":2,"bm":0,"ix":1,"mn":"ADBE Vector Group","hd":false},{"ty":"gr","it":[{"ind":0,"ty":"sh","ix":1,"ks":{"a":0,"k":{"i":[[3.902,-6.12],[3.217,2.052],[-3.902,6.12],[-3.217,-2.05]],"o":[[-3.902,6.12],[-3.218,-2.051],[3.902,-6.119],[3.217,2.052]],"v":[[7.184,1.534],[-7.868,11.461],[-4.466,-5.893],[7.201,-11.462]],"c":true},"ix":2},"nm":"Path 1","mn":"ADBE Vector Shape - Group","hd":false},{"ty":"fl","c":{"a":0,"k":[1,1,1,1],"ix":4},"o":{"a":0,"k":100,"ix":5},"r":1,"bm":0,"nm":"Fill 1","mn":"ADBE Vector Graphic - Fill","hd":false},{"ty":"tr","p":{"a":0,"k":[669.881,308.759],"ix":2},"a":{"a":0,"k":[0,0],"ix":1},"s":{"a":0,"k":[100,100],"ix":3},"r":{"a":0,"k":0,"ix":6},"o":{"a":0,"k":100,"ix":7},"sk":{"a":0,"k":0,"ix":4},"sa":{"a":0,"k":0,"ix":5},"nm":"Transform"}],"nm":"Group 1","np":2,"cix":2,"bm":0,"ix":2,"mn":"ADBE Vector Group","hd":false},{"ty":"gr","it":[{"ind":0,"ty":"sh","ix":1,"ks":{"a":0,"k":{"i":[[5.478,-21.933],[17.367,4.337],[-5.477,21.933],[-17.367,-4.338]],"o":[[-5.478,21.933],[-17.366,-4.338],[5.478,-21.933],[17.367,4.338]],"v":[[31.445,-0.157],[-14.462,41.228],[-31.446,-15.863],[7.984,-41.226]],"c":true},"ix":2},"nm":"Path 1","mn":"ADBE Vector Shape - Group","hd":false},{"ty":"fl","c":{"a":0,"k":[1,0.328999986836,0.344999994016,1],"ix":4},"o":{"a":0,"k":100,"ix":5},"r":1,"bm":0,"nm":"Fill 1","mn":"ADBE Vector Graphic - Fill","hd":false},{"ty":"tr","p":{"a":0,"k":[682.471,332.04],"ix":2},"a":{"a":0,"k":[0,0],"ix":1},"s":{"a":0,"k":[100,100],"ix":3},"r":{"a":0,"k":0,"ix":6},"o":{"a":0,"k":100,"ix":7},"sk":{"a":0,"k":0,"ix":4},"sa":{"a":0,"k":0,"ix":5},"nm":"Transform"}],"nm":"Group 2","np":2,"cix":2,"bm":0,"ix":3,"mn":"ADBE Vector Group","hd":false},{"ty":"gr","it":[{"ind":0,"ty":"sh","ix":1,"ks":{"a":0,"k":{"i":[[0,0],[0,0],[0,0],[0,0]],"o":[[0,0],[0,0],[0,0],[0,0]],"v":[[-5.17,-2.421],[5.787,1.103],[5.253,2.421],[-5.787,-1.171]],"c":true},"ix":2},"nm":"Path 1","mn":"ADBE Vector Shape - Group","hd":false},{"ty":"fl","c":{"a":0,"k":[0.102000000898,0.102000000898,0.102000000898,1],"ix":4},"o":{"a":0,"k":100,"ix":5},"r":1,"bm":0,"nm":"Fill 1","mn":"ADBE Vector Graphic - Fill","hd":false},{"ty":"tr","p":{"a":0,"k":[664.695,393.377],"ix":2},"a":{"a":0,"k":[0,0],"ix":1},"s":{"a":0,"k":[100,100],"ix":3},"r":{"a":0,"k":0,"ix":6},"o":{"a":0,"k":100,"ix":7},"sk":{"a":0,"k":0,"ix":4},"sa":{"a":0,"k":0,"ix":5},"nm":"Transform"}],"nm":"Group 3","np":2,"cix":2,"bm":0,"ix":4,"mn":"ADBE Vector Group","hd":false},{"ty":"gr","it":[{"ind":0,"ty":"sh","ix":1,"ks":{"a":0,"k":{"i":[[0,0],[0,0],[0,0],[0,0]],"o":[[0,0],[0,0],[0,0],[0,0]],"v":[[7.676,-6.685],[9.542,8.62],[-9.542,1.637],[0.344,-8.62]],"c":true},"ix":2},"nm":"Path 1","mn":"ADBE Vector Shape - Group","hd":false},{"ty":"fl","c":{"a":0,"k":[0.851000019148,0,0.180000005984,1],"ix":4},"o":{"a":0,"k":100,"ix":5},"r":1,"bm":0,"nm":"Fill 1","mn":"ADBE Vector Graphic - Fill","hd":false},{"ty":"tr","p":{"a":0,"k":[661.088,399.077],"ix":2},"a":{"a":0,"k":[0,0],"ix":1},"s":{"a":0,"k":[100,100],"ix":3},"r":{"a":0,"k":0,"ix":6},"o":{"a":0,"k":100,"ix":7},"sk":{"a":0,"k":0,"ix":4},"sa":{"a":0,"k":0,"ix":5},"nm":"Transform"}],"nm":"Group 4","np":2,"cix":2,"bm":0,"ix":5,"mn":"ADBE Vector Group","hd":false},{"ty":"gr","it":[{"ind":0,"ty":"sh","ix":1,"ks":{"a":0,"k":{"i":[[7.196,-28.812],[22.814,5.698],[-7.196,28.812],[-22.814,-5.698]],"o":[[-7.196,28.812],[-22.815,-5.698],[7.196,-28.813],[22.815,5.698]],"v":[[41.309,-0.206],[-18.997,54.159],[-41.309,-20.84],[10.489,-54.159]],"c":true},"ix":2},"nm":"Path 1","mn":"ADBE Vector Shape - Group","hd":false},{"ty":"fl","c":{"a":0,"k":[0.964999988032,0,0.231000010173,1],"ix":4},"o":{"a":0,"k":100,"ix":5},"r":1,"bm":0,"nm":"Fill 1","mn":"ADBE Vector Graphic - Fill","hd":false},{"ty":"tr","p":{"a":0,"k":[685.431,339.675],"ix":2},"a":{"a":0,"k":[0,0],"ix":1},"s":{"a":0,"k":[100,100],"ix":3},"r":{"a":0,"k":0,"ix":6},"o":{"a":0,"k":100,"ix":7},"sk":{"a":0,"k":0,"ix":4},"sa":{"a":0,"k":0,"ix":5},"nm":"Transform"}],"nm":"Group 5","np":2,"cix":2,"bm":0,"ix":6,"mn":"ADBE Vector Group","hd":false}],"ip":0,"op":150,"st":0,"bm":0},{"ddd":0,"ind":2,"ty":4,"nm":"Shape Layer 1","parent":1,"sr":1,"ks":{"o":{"a":0,"k":100,"ix":11},"r":{"a":0,"k":11,"ix":10},"p":{"a":0,"k":[554.109,473.223,0],"ix":2},"a":{"a":0,"k":[0,0,0],"ix":1},"s":{"a":0,"k":[100,100,100],"ix":6}},"ao":0,"shapes":[{"ty":"gr","it":[{"ind":0,"ty":"sh","ix":1,"ks":{"a":1,"k":[{"i":{"x":0.749,"y":1},"o":{"x":0.234,"y":0},"t":2,"s":[{"i":[[0,0],[29,-10],[-7.938,5.349],[39.5,-37.25]],"o":[[0,0],[-29,10],[11.5,-7.75],[-29.515,27.833]],"v":[[91.25,-93.25],[62.5,-52.25],[39.5,-71.5],[51,-13.25]],"c":false}]},{"i":{"x":0.833,"y":1},"o":{"x":0.167,"y":0},"t":56.741,"s":[{"i":[[0,0],[32.327,-9.899],[-12.689,10.952],[48.16,-30.231]],"o":[[0,0],[-22.713,6.955],[16.828,-14.525],[-34.36,21.569]],"v":[[91.25,-93.25],[62.5,-52.25],[42.996,-76.865],[48.937,-24.101]],"c":false}]},{"t":118,"s":[{"i":[[0,0],[29,-10],[-7.938,5.349],[39.5,-37.25]],"o":[[0,0],[-29,10],[11.5,-7.75],[-29.515,27.833]],"v":[[91.25,-93.25],[62.5,-52.25],[39.5,-71.5],[51,-13.25]],"c":false}]}],"ix":2},"nm":"Path 1","mn":"ADBE Vector Shape - Group","hd":false},{"ty":"st","c":{"a":0,"k":[0.08371629902,0.08371629902,0.08371629902,1],"ix":3},"o":{"a":0,"k":100,"ix":4},"w":{"a":0,"k":3,"ix":5},"lc":2,"lj":1,"ml":4,"bm":0,"nm":"Stroke 1","mn":"ADBE Vector Graphic - Stroke","hd":false},{"ty":"tr","p":{"a":0,"k":[0,0],"ix":2},"a":{"a":0,"k":[0,0],"ix":1},"s":{"a":0,"k":[100,100],"ix":3},"r":{"a":0,"k":0,"ix":6},"o":{"a":0,"k":100,"ix":7},"sk":{"a":0,"k":0,"ix":4},"sa":{"a":0,"k":0,"ix":5},"nm":"Transform"}],"nm":"Shape 1","np":3,"cix":2,"bm":0,"ix":1,"mn":"ADBE Vector Group","hd":false}],"ip":0,"op":150,"st":0,"bm":0},{"ddd":0,"ind":3,"ty":4,"nm":"drop","sr":1,"ks":{"o":{"a":1,"k":[{"i":{"x":[0.667],"y":[1]},"o":{"x":[0.333],"y":[0]},"t":60,"s":[100]},{"t":74,"s":[0]}],"ix":11},"r":{"a":0,"k":0,"ix":10},"p":{"a":1,"k":[{"i":{"x":0.667,"y":1},"o":{"x":0.333,"y":0},"t":54,"s":[490,500,0],"to":[0,4.417,0],"ti":[0,-4.417,0]},{"t":82,"s":[490,526.5,0]}],"ix":2},"a":{"a":0,"k":[-50,-40,0],"ix":1},"s":{"a":1,"k":[{"i":{"x":[0.667,0.667,0.667],"y":[1,1,1]},"o":{"x":[0.333,0.333,0.333],"y":[0,0,0]},"t":46,"s":[0,0,100]},{"t":60,"s":[100,100,100]}],"ix":6}},"ao":0,"shapes":[{"ty":"gr","it":[{"ind":0,"ty":"sh","ix":1,"ks":{"a":0,"k":{"i":[[0,0],[-4.631,0.108]],"o":[[0,0],[5.375,-0.125]],"v":[[-50,-40],[-49.25,-31.75]],"c":true},"ix":2},"nm":"Path 1","mn":"ADBE Vector Shape - Group","hd":false},{"ty":"st","c":{"a":0,"k":[0.999234008789,0.992744056851,0.992744056851,1],"ix":3},"o":{"a":0,"k":100,"ix":4},"w":{"a":0,"k":0,"ix":5},"lc":1,"lj":1,"ml":4,"bm":0,"nm":"Stroke 1","mn":"ADBE Vector Graphic - Stroke","hd":false},{"ty":"fl","c":{"a":0,"k":[1,1,1,1],"ix":4},"o":{"a":0,"k":100,"ix":5},"r":1,"bm":0,"nm":"Fill 1","mn":"ADBE Vector Graphic - Fill","hd":false},{"ty":"tr","p":{"a":0,"k":[0,0],"ix":2},"a":{"a":0,"k":[0,0],"ix":1},"s":{"a":0,"k":[100,100],"ix":3},"r":{"a":0,"k":0,"ix":6},"o":{"a":0,"k":100,"ix":7},"sk":{"a":0,"k":0,"ix":4},"sa":{"a":0,"k":0,"ix":5},"nm":"Transform"}],"nm":"Shape 1","np":3,"cix":2,"bm":0,"ix":1,"mn":"ADBE Vector Group","hd":false}],"ip":0,"op":150,"st":0,"bm":0},{"ddd":0,"ind":4,"ty":4,"nm":"head","parent":7,"sr":1,"ks":{"o":{"a":0,"k":100,"ix":11},"r":{"a":1,"k":[{"i":{"x":[0.442],"y":[1]},"o":{"x":[0.333],"y":[0]},"t":0,"s":[9.562]},{"i":{"x":[0.442],"y":[1]},"o":{"x":[0.333],"y":[0]},"t":32,"s":[0]},{"i":{"x":[0.667],"y":[1]},"o":{"x":[0.333],"y":[0]},"t":90,"s":[0]},{"t":120,"s":[9.562]}],"ix":10},"p":{"a":0,"k":[467.382,592.48,0],"ix":2},"a":{"a":0,"k":[467.382,592.48,0],"ix":1},"s":{"a":0,"k":[100,100,100],"ix":6}},"ao":0,"shapes":[{"ty":"gr","it":[{"ind":0,"ty":"sh","ix":1,"ks":{"a":0,"k":{"i":[[2.243,-3.231],[1.643,1.141],[-2.243,3.231],[-1.644,-1.141]],"o":[[-2.243,3.231],[-1.644,-1.14],[2.243,-3.232],[1.644,1.141]],"v":[[2.976,2.066],[-4.061,5.851],[-2.976,-2.065],[4.061,-5.851]],"c":true},"ix":2},"nm":"Path 1","mn":"ADBE Vector Shape - Group","hd":false},{"ty":"fl","c":{"a":0,"k":[0.961000031116,0.670999983245,0.607999973671,1],"ix":4},"o":{"a":0,"k":100,"ix":5},"r":1,"bm":0,"nm":"Fill 1","mn":"ADBE Vector Graphic - Fill","hd":false},{"ty":"tr","p":{"a":0,"k":[494.854,522.962],"ix":2},"a":{"a":0,"k":[0,0],"ix":1},"s":{"a":0,"k":[100,100],"ix":3},"r":{"a":0,"k":0,"ix":6},"o":{"a":0,"k":100,"ix":7},"sk":{"a":0,"k":0,"ix":4},"sa":{"a":0,"k":0,"ix":5},"nm":"Transform"}],"nm":"Group 1","np":2,"cix":2,"bm":0,"ix":1,"mn":"ADBE Vector Group","hd":false},{"ty":"gr","it":[{"ind":0,"ty":"sh","ix":1,"ks":{"a":0,"k":{"i":[[-26.066,-2.521],[3.141,-1.82],[2.401,11.282],[2.281,13.302],[5.282,-10.382]],"o":[[-3.421,3.08],[-8.362,-4.24],[-3.021,-14.324],[0.98,4.24],[-8.002,15.684]],"v":[[18.424,27.496],[8.282,34.837],[-15.404,11.073],[-2.201,-34.838],[-5.782,-11.833]],"c":true},"ix":2},"nm":"Path 1","mn":"ADBE Vector Shape - Group","hd":false},{"ty":"fl","c":{"a":0,"k":[0.961000031116,0.670999983245,0.607999973671,1],"ix":4},"o":{"a":0,"k":100,"ix":5},"r":1,"bm":0,"nm":"Fill 1","mn":"ADBE Vector Graphic - Fill","hd":false},{"ty":"tr","p":{"a":0,"k":[484.348,525.262],"ix":2},"a":{"a":0,"k":[0,0],"ix":1},"s":{"a":0,"k":[100,100],"ix":3},"r":{"a":0,"k":0,"ix":6},"o":{"a":0,"k":100,"ix":7},"sk":{"a":0,"k":0,"ix":4},"sa":{"a":0,"k":0,"ix":5},"nm":"Transform"}],"nm":"Group 2","np":2,"cix":2,"bm":0,"ix":2,"mn":"ADBE Vector Group","hd":false},{"ty":"gr","it":[{"ind":0,"ty":"sh","ix":1,"ks":{"a":1,"k":[{"i":{"x":0.667,"y":1},"o":{"x":0.333,"y":0},"t":0,"s":[{"i":[[3.585,16.941],[13.355,13.253],[25.181,-16.385],[-6.585,-12.63],[1.655,-4.652],[-13.623,-0.264],[-12.009,15.663]],"o":[[-3.585,-16.941],[0,0],[-25.206,16.402],[2.693,5.166],[-4.567,12.838],[21.516,0.416],[0,0]],"v":[[11.077,8.119],[20.683,-44.539],[-16.772,-37.795],[-35.431,12.246],[-34.529,27.107],[-16.596,53.763],[42.016,35.144]],"c":true}]},{"i":{"x":0.667,"y":1},"o":{"x":0.333,"y":0},"t":30,"s":[{"i":[[3.585,16.941],[13.355,13.253],[25.181,-16.385],[-6.585,-12.63],[1.641,-4.657],[-13.493,1.894],[-7.352,12.962]],"o":[[-3.585,-16.941],[0,0],[-25.206,16.402],[2.693,5.166],[-8.186,23.23],[22.653,-3.18],[0,0]],"v":[[11.077,8.119],[20.683,-44.539],[-16.772,-37.795],[-35.431,12.246],[-34.529,27.107],[-16.24,57.779],[42.016,35.144]],"c":true}]},{"t":120,"s":[{"i":[[3.585,16.941],[13.355,13.253],[25.181,-16.385],[-6.585,-12.63],[1.655,-4.652],[-13.623,-0.264],[-12.009,15.663]],"o":[[-3.585,-16.941],[0,0],[-25.206,16.402],[2.693,5.166],[-4.567,12.838],[21.516,0.416],[0,0]],"v":[[11.077,8.119],[20.683,-44.539],[-16.772,-37.795],[-35.431,12.246],[-34.529,27.107],[-16.596,53.763],[42.016,35.144]],"c":true}]}],"ix":2},"nm":"Path 1","mn":"ADBE Vector Shape - Group","hd":false},{"ty":"fl","c":{"a":0,"k":[0.317999985639,0.238999998803,0,1],"ix":4},"o":{"a":0,"k":100,"ix":5},"r":1,"bm":0,"nm":"Fill 1","mn":"ADBE Vector Graphic - Fill","hd":false},{"ty":"tr","p":{"a":0,"k":[457.874,528.218],"ix":2},"a":{"a":0,"k":[0,0],"ix":1},"s":{"a":0,"k":[100,100],"ix":3},"r":{"a":0,"k":0,"ix":6},"o":{"a":0,"k":100,"ix":7},"sk":{"a":0,"k":0,"ix":4},"sa":{"a":0,"k":0,"ix":5},"nm":"Transform"}],"nm":"Group 3","np":2,"cix":2,"bm":0,"ix":3,"mn":"ADBE Vector Group","hd":false},{"ty":"gr","it":[{"ind":0,"ty":"sh","ix":1,"ks":{"a":0,"k":{"i":[[0,0],[-12.753,1.5],[0,0],[0,0]],"o":[[0,0],[12.753,-1.5],[0,0],[0,0]],"v":[[-16.767,-2.164],[4.014,6.497],[14.267,0.247],[2.219,-7.997]],"c":true},"ix":2},"nm":"Path 1","mn":"ADBE Vector Shape - Group","hd":false},{"ty":"fl","c":{"a":0,"k":[1,0.779999976065,0.732999973671,1],"ix":4},"o":{"a":0,"k":100,"ix":5},"r":1,"bm":0,"nm":"Fill 1","mn":"ADBE Vector Graphic - Fill","hd":false},{"ty":"tr","p":{"a":0,"k":[472.691,585.831],"ix":2},"a":{"a":0,"k":[0,0],"ix":1},"s":{"a":0,"k":[100,100],"ix":3},"r":{"a":0,"k":0,"ix":6},"o":{"a":0,"k":100,"ix":7},"sk":{"a":0,"k":0,"ix":4},"sa":{"a":0,"k":0,"ix":5},"nm":"Transform"}],"nm":"Group 4","np":2,"cix":2,"bm":0,"ix":4,"mn":"ADBE Vector Group","hd":false},{"ty":"gr","it":[{"ind":0,"ty":"sh","ix":1,"ks":{"a":0,"k":{"i":[[2.418,1.85],[-2.419,-4.553]],"o":[[0,0],[2.419,4.553]],"v":[[1.424,-6.616],[-1.422,2.063]],"c":true},"ix":2},"nm":"Path 1","mn":"ADBE Vector Shape - Group","hd":false},{"ty":"fl","c":{"a":0,"k":[0.317999985639,0.238999998803,0,1],"ix":4},"o":{"a":0,"k":100,"ix":5},"r":1,"bm":0,"nm":"Fill 1","mn":"ADBE Vector Graphic - Fill","hd":false},{"ty":"tr","p":{"a":0,"k":[511,529.578],"ix":2},"a":{"a":0,"k":[0,0],"ix":1},"s":{"a":0,"k":[100,100],"ix":3},"r":{"a":0,"k":0,"ix":6},"o":{"a":0,"k":100,"ix":7},"sk":{"a":0,"k":0,"ix":4},"sa":{"a":0,"k":0,"ix":5},"nm":"Transform"}],"nm":"Group 5","np":2,"cix":2,"bm":0,"ix":5,"mn":"ADBE Vector Group","hd":false},{"ty":"gr","it":[{"ind":0,"ty":"sh","ix":1,"ks":{"a":0,"k":{"i":[[0.238,0.047],[0.111,0.111],[-0.298,0.295],[0.101,0.158],[-0.351,0.228],[-0.231,-0.349],[3.343,-3.311]],"o":[[-0.144,-0.028],[-0.296,-0.299],[3.284,-3.254],[-0.228,-0.35],[0.348,-0.229],[1.1,1.678],[-0.186,0.184]],"v":[[-1.669,4.82],[-2.06,4.611],[-2.055,3.538],[-1.214,-3.59],[-0.992,-4.639],[0.056,-4.421],[-0.987,4.616]],"c":true},"ix":2},"nm":"Path 1","mn":"ADBE Vector Shape - Group","hd":false},{"ty":"fl","c":{"a":0,"k":[0.317999985639,0.238999998803,0,1],"ix":4},"o":{"a":0,"k":100,"ix":5},"r":1,"bm":0,"nm":"Fill 1","mn":"ADBE Vector Graphic - Fill","hd":false},{"ty":"tr","p":{"a":1,"k":[{"i":{"x":0.667,"y":1},"o":{"x":0.333,"y":0},"t":18,"s":[487.217,500.433],"to":[0.118,0.094],"ti":[-0.118,-0.094]},{"i":{"x":0.667,"y":0.667},"o":{"x":0.333,"y":0.333},"t":50,"s":[487.923,501],"to":[0,0],"ti":[0,0]},{"i":{"x":0.667,"y":1},"o":{"x":0.333,"y":0},"t":90,"s":[487.923,501],"to":[-0.118,-0.094],"ti":[0.118,0.094]},{"t":120,"s":[487.217,500.433]}],"ix":2},"a":{"a":0,"k":[0,0],"ix":1},"s":{"a":0,"k":[100,100],"ix":3},"r":{"a":0,"k":0,"ix":6},"o":{"a":0,"k":100,"ix":7},"sk":{"a":0,"k":0,"ix":4},"sa":{"a":0,"k":0,"ix":5},"nm":"Transform"}],"nm":"Group 6","np":2,"cix":2,"bm":0,"ix":6,"mn":"ADBE Vector Group","hd":false},{"ty":"gr","it":[{"ind":0,"ty":"sh","ix":1,"ks":{"a":0,"k":{"i":[[0.867,-1.373],[2.108,1.331],[-0.868,1.373],[-2.108,-1.332]],"o":[[-0.868,1.373],[-2.107,-1.331],[0.867,-1.373],[2.108,1.331]],"v":[[3.817,2.41],[-1.57,2.487],[-3.815,-2.409],[1.571,-2.486]],"c":true},"ix":2},"nm":"Path 1","mn":"ADBE Vector Shape - Group","hd":false},{"ty":"fl","c":{"a":0,"k":[0.317999985639,0.238999998803,0,1],"ix":4},"o":{"a":0,"k":100,"ix":5},"r":1,"bm":0,"nm":"Fill 1","mn":"ADBE Vector Graphic - Fill","hd":false},{"ty":"tr","p":{"a":0,"k":[494.355,504.808],"ix":2},"a":{"a":0,"k":[0,0],"ix":1},"s":{"a":0,"k":[100,100],"ix":3},"r":{"a":0,"k":0,"ix":6},"o":{"a":0,"k":100,"ix":7},"sk":{"a":0,"k":0,"ix":4},"sa":{"a":0,"k":0,"ix":5},"nm":"Transform"}],"nm":"Group 7","np":2,"cix":2,"bm":0,"ix":7,"mn":"ADBE Vector Group","hd":false},{"ty":"gr","it":[{"ind":0,"ty":"sh","ix":1,"ks":{"a":0,"k":{"i":[[0,0],[-7.257,-6.687],[-4.696,-0.569],[2.134,-2.845],[8.537,-17.454],[0,0],[0,0],[0,0],[0,0],[-2.466,18.022],[-3.415,-6.45],[0,0],[3.035,7.398],[-6.641,7.209]],"o":[[0,0],[0,0],[0,0],[0,0],[-8.537,17.452],[0,0],[0,0],[0,0],[0,0],[2.466,-18.023],[3.415,6.45],[0,0],[-3.036,-7.399],[6.639,-7.209]],"v":[[-2.229,-49.699],[20.678,-40.024],[28.788,-38.601],[28.788,-32.341],[32.819,3.183],[3.224,28.224],[6.736,49.699],[-24.298,47.289],[-22.956,30.69],[-38.891,15.704],[-16.885,9.633],[-13.47,17.6],[-14.418,-5.354],[-7.208,-31.724]],"c":true},"ix":2},"nm":"Path 1","mn":"ADBE Vector Shape - Group","hd":false},{"ty":"fl","c":{"a":0,"k":[1,0.779999976065,0.732999973671,1],"ix":4},"o":{"a":0,"k":100,"ix":5},"r":1,"bm":0,"nm":"Fill 1","mn":"ADBE Vector Graphic - Fill","hd":false},{"ty":"tr","p":{"a":0,"k":[480.221,536.379],"ix":2},"a":{"a":0,"k":[0,0],"ix":1},"s":{"a":0,"k":[100,100],"ix":3},"r":{"a":0,"k":0,"ix":6},"o":{"a":0,"k":100,"ix":7},"sk":{"a":0,"k":0,"ix":4},"sa":{"a":0,"k":0,"ix":5},"nm":"Transform"}],"nm":"Group 8","np":2,"cix":2,"bm":0,"ix":8,"mn":"ADBE Vector Group","hd":false}],"ip":0,"op":150,"st":0,"bm":0},{"ddd":0,"ind":5,"ty":4,"nm":"hand1","parent":7,"sr":1,"ks":{"o":{"a":0,"k":100,"ix":11},"r":{"a":1,"k":[{"i":{"x":[0.81],"y":[1]},"o":{"x":[0.49],"y":[0]},"t":0,"s":[-17]},{"i":{"x":[0.81],"y":[1]},"o":{"x":[0.167],"y":[0]},"t":54,"s":[0]},{"i":{"x":[0.667],"y":[1]},"o":{"x":[0.167],"y":[0]},"t":90,"s":[0]},{"t":120,"s":[-17]}],"ix":10},"p":{"a":0,"k":[447.392,583.878,0],"ix":2},"a":{"a":0,"k":[447.392,583.878,0],"ix":1},"s":{"a":0,"k":[100,100,100],"ix":6}},"ao":0,"shapes":[{"ty":"gr","it":[{"ind":0,"ty":"sh","ix":1,"ks":{"a":0,"k":{"i":[[11.163,-6.027],[0.106,0.035],[0.036,4.993]],"o":[[-0.125,-0.035],[-0.803,-4.637],[0,0]],"v":[[-4.716,7.356],[-5.073,7.232],[-6.447,-7.356]],"c":true},"ix":2},"nm":"Path 1","mn":"ADBE Vector Shape - Group","hd":false},{"ty":"fl","c":{"a":0,"k":[0.889999988032,0.493999974868,0.337000020345,1],"ix":4},"o":{"a":0,"k":100,"ix":5},"r":1,"bm":0,"nm":"Fill 1","mn":"ADBE Vector Graphic - Fill","hd":false},{"ty":"tr","p":{"a":0,"k":[438.518,629.32],"ix":2},"a":{"a":0,"k":[0,0],"ix":1},"s":{"a":0,"k":[100,100],"ix":3},"r":{"a":0,"k":0,"ix":6},"o":{"a":0,"k":100,"ix":7},"sk":{"a":0,"k":0,"ix":4},"sa":{"a":0,"k":0,"ix":5},"nm":"Transform"}],"nm":"Group 1","np":2,"cix":2,"bm":0,"ix":1,"mn":"ADBE Vector Group","hd":false},{"ty":"gr","it":[{"ind":0,"ty":"sh","ix":1,"ks":{"a":0,"k":{"i":[[0.428,-4.993],[4.512,10.504],[2.015,11.788],[0.035,4.993],[-8.47,9.541],[0,0]],"o":[[-0.428,5.011],[-1.926,-4.494],[-0.802,-4.636],[-0.089,-11.913],[12.001,-13.499],[0,0]],"v":[[15.087,43.254],[-6.349,38.76],[-14.052,12.528],[-15.426,-2.059],[-4.352,-35.764],[14.747,-27.257]],"c":true},"ix":2},"nm":"Path 1","mn":"ADBE Vector Shape - Group","hd":false},{"ty":"fl","c":{"a":0,"k":[1,0.685999971278,0.337000020345,1],"ix":4},"o":{"a":0,"k":100,"ix":5},"r":1,"bm":0,"nm":"Fill 1","mn":"ADBE Vector Graphic - Fill","hd":false},{"ty":"tr","p":{"a":0,"k":[447.497,624.024],"ix":2},"a":{"a":0,"k":[0,0],"ix":1},"s":{"a":0,"k":[100,100],"ix":3},"r":{"a":0,"k":0,"ix":6},"o":{"a":0,"k":100,"ix":7},"sk":{"a":0,"k":0,"ix":4},"sa":{"a":0,"k":0,"ix":5},"nm":"Transform"}],"nm":"Group 2","np":2,"cix":2,"bm":0,"ix":2,"mn":"ADBE Vector Group","hd":false},{"ty":"gr","it":[{"ind":0,"ty":"sh","ix":1,"ks":{"a":0,"k":{"i":[[-2.913,-3.251],[10.995,0],[-2.5,0],[0,0],[-0.202,6.677]],"o":[[0,0],[-10.995,0],[2.501,0],[0,0],[5.453,-5.927]],"v":[[9.598,-2.875],[1,10.128],[-9.495,0.625],[-2.243,2.625],[-6.946,-4.201]],"c":true},"ix":2},"nm":"Path 1","mn":"ADBE Vector Shape - Group","hd":false},{"ty":"fl","c":{"a":0,"k":[1,0.779999976065,0.732999973671,1],"ix":4},"o":{"a":0,"k":100,"ix":5},"r":1,"bm":0,"nm":"Fill 1","mn":"ADBE Vector Graphic - Fill","hd":false},{"ty":"tr","p":{"a":0,"k":[452.647,672.408],"ix":2},"a":{"a":0,"k":[0,0],"ix":1},"s":{"a":0,"k":[100,100],"ix":3},"r":{"a":0,"k":0,"ix":6},"o":{"a":0,"k":100,"ix":7},"sk":{"a":0,"k":0,"ix":4},"sa":{"a":0,"k":0,"ix":5},"nm":"Transform"}],"nm":"Group 3","np":2,"cix":2,"bm":0,"ix":3,"mn":"ADBE Vector Group","hd":false}],"ip":0,"op":150,"st":0,"bm":0},{"ddd":0,"ind":6,"ty":4,"nm":"shadow","parent":5,"sr":1,"ks":{"o":{"a":0,"k":100,"ix":11},"r":{"a":0,"k":0,"ix":10},"p":{"a":0,"k":[432.072,621.964,0],"ix":2},"a":{"a":0,"k":[432.072,621.964,0],"ix":1},"s":{"a":0,"k":[100,100,100],"ix":6}},"ao":0,"shapes":[{"ty":"gr","it":[{"ind":0,"ty":"sh","ix":1,"ks":{"a":0,"k":{"i":[[-4.221,-2.781],[2.961,4.121],[0,0],[0.98,10.723],[0,0],[-2.721,-6.361],[-1.92,-1.28],[-1.22,-0.86],[1.339,0]],"o":[[-1.78,-1.141],[-4.321,-6.001],[-6.742,-5.701],[0,0],[-0.06,17.924],[1.02,2.361],[-0.1,3.361],[-1.54,-0.54],[-1.761,0]],"v":[[7.332,29.647],[-0.73,21.905],[1.331,16.284],[-9.252,-21.945],[-6.671,-29.647],[2.411,11.962],[6.952,17.384],[9.252,23.305],[4.412,22.205]],"c":true},"ix":2},"nm":"Path 1","mn":"ADBE Vector Shape - Group","hd":false},{"ty":"fl","c":{"a":0,"k":[0.933000033509,0.569000004787,0.313999998803,1],"ix":4},"o":{"a":0,"k":100,"ix":5},"r":1,"bm":0,"nm":"Fill 1","mn":"ADBE Vector Graphic - Fill","hd":false},{"ty":"tr","p":{"a":0,"k":[438.748,650.821],"ix":2},"a":{"a":0,"k":[0,0],"ix":1},"s":{"a":0,"k":[100,100],"ix":3},"r":{"a":0,"k":0,"ix":6},"o":{"a":0,"k":100,"ix":7},"sk":{"a":0,"k":0,"ix":4},"sa":{"a":0,"k":0,"ix":5},"nm":"Transform"}],"nm":"Group 1","np":2,"cix":2,"bm":0,"ix":1,"mn":"ADBE Vector Group","hd":false}],"ip":0,"op":150,"st":0,"bm":0},{"ddd":0,"ind":7,"ty":4,"nm":"body","sr":1,"ks":{"o":{"a":0,"k":100,"ix":11},"r":{"a":1,"k":[{"i":{"x":[0.845],"y":[1]},"o":{"x":[0.566],"y":[0]},"t":0,"s":[0]},{"i":{"x":[0.667],"y":[1]},"o":{"x":[0.333],"y":[0]},"t":50,"s":[-5]},{"t":120,"s":[0]}],"ix":10},"p":{"a":1,"k":[{"i":{"x":0.797,"y":1},"o":{"x":0.636,"y":0},"t":0,"s":[474.916,577.399,0],"to":[0,-1.333,0],"ti":[0,0,0]},{"i":{"x":0.667,"y":1},"o":{"x":0.333,"y":0},"t":34,"s":[474.916,569.399,0],"to":[0,0,0],"ti":[0,-1.333,0]},{"t":120,"s":[474.916,577.399,0]}],"ix":2},"a":{"a":0,"k":[474.916,577.399,0],"ix":1},"s":{"a":0,"k":[100,100,100],"ix":6}},"ao":0,"ef":[{"ty":34,"nm":"Puppet","np":6,"mn":"ADBE FreePin3","ix":1,"en":1,"ef":[{"ty":7,"nm":"Puppet Engine","mn":"ADBE FreePin3 Puppet Engine","ix":1,"v":{"a":0,"k":2,"ix":1}},{"ty":0,"nm":"Mesh Rotation Refinement","mn":"ADBE FreePin3 Auto Rotate Pins","ix":2,"v":{"a":0,"k":20,"ix":2}},{"ty":7,"nm":"On Transparent","mn":"ADBE FreePin3 On Transparent","ix":3,"v":{"a":0,"k":0,"ix":3}},{"ty":30,"nm":"arap","np":3,"mn":"ADBE FreePin3 ARAP Group","ix":4,"en":1,"ef":[{"ty":6,"nm":"Auto-traced Shapes","mn":"ADBE FreePin3 Outlines","ix":1,"v":0},{"ty":1,"nm":"Mesh","np":1,"mn":"ADBE FreePin3 Mesh Group","ix":2,"en":1,"ef":[]}]}]}],"shapes":[{"ty":"gr","it":[{"ind":0,"ty":"sh","ix":1,"ks":{"a":0,"k":{"i":[[0,0],[0,0],[0,0],[-1.284,4.965]],"o":[[0,0],[0,0],[5.398,2],[0,0]],"v":[[2.439,-9.502],[-7.562,-5.251],[-2.561,7.502],[7.562,3.223]],"c":true},"ix":2},"nm":"Path 1","mn":"ADBE Vector Shape - Group","hd":false},{"ty":"fl","c":{"a":0,"k":[1,0.685999971278,0.337000020345,1],"ix":4},"o":{"a":0,"k":100,"ix":5},"r":1,"bm":0,"nm":"Fill 1","mn":"ADBE Vector Graphic - Fill","hd":false},{"ty":"tr","p":{"a":0,"k":[499.272,617.46],"ix":2},"a":{"a":0,"k":[0,0],"ix":1},"s":{"a":0,"k":[100,100],"ix":3},"r":{"a":0,"k":0,"ix":6},"o":{"a":0,"k":100,"ix":7},"sk":{"a":0,"k":0,"ix":4},"sa":{"a":0,"k":0,"ix":5},"nm":"Transform"}],"nm":"Group 1","np":2,"cix":2,"bm":0,"ix":1,"mn":"ADBE Vector Group","hd":false},{"ty":"gr","it":[{"ind":0,"ty":"sh","ix":1,"ks":{"a":0,"k":{"i":[[0,0],[1.121,-0.08],[1.34,-0.64],[1.401,-1.521],[2.56,-0.82],[2.681,0.521],[1.48,-0.28],[1.741,-1.121],[2.68,-0.181],[0.201,0],[2.261,1.06],[1.52,0.08],[1.98,-0.72],[2.62,0.38],[2.161,1.58],[1.461,0.361],[2.12,-0.36],[2.421,0.8],[1.82,1.88],[1.28,0.519],[2.221,-0.04],[1.98,1],[0.801,1.681],[0,0],[-0.36,-0.82],[-3.181,-1.58],[-2,0.04],[-2.62,-1.08],[-1.581,-1.639],[-1.801,-0.599],[-2.12,0.36],[-2.46,-0.599],[-1.881,-1.401],[-1.76,-0.24],[-2.08,0.76],[-2.46,-0.08],[-2.101,-0.981],[-1.72,0.141],[-1.88,1.22],[-2.36,0.44],[-2.261,-0.441],[-1.68,0.56],[-1.52,1.66],[-2.181,1.04],[-2.26,0.14],[-0.7,0.08]],"o":[[-1.18,0.2],[-1.96,0.119],[-1.481,0.72],[-1.801,1.94],[-2.681,0.881],[-1.961,-0.4],[-1.601,0.3],[-2.24,1.439],[-0.2,0.019],[-2.54,0],[-1.84,-0.841],[-1.66,-0.08],[-2.461,0.9],[-2.761,-0.4],[-1.64,-1.2],[-1.68,-0.399],[-2.521,0.42],[-2.74,-0.9],[-1.361,-1.401],[-1.861,-0.78],[-2.5,0.04],[-3.881,-1.961],[0,0],[0.8,1],[0.68,1.5],[1.121,0.58],[2.501,-0.019],[2.061,0.841],[1.56,1.622],[1.48,0.481],[2.44,-0.42],[2.261,0.54],[1.84,1.36],[1.62,0.24],[2.241,-0.821],[2.32,0.12],[2.08,0.98],[1.66,-0.12],[2.001,-1.281],[2.261,-0.44],[2.26,0.46],[1.561,-0.5],[1.601,-1.721],[2.04,-0.981],[0.741,-0.04],[0,0]],"v":[[62.704,-0.91],[59.223,-0.55],[54.042,0.33],[49.841,4.011],[43.62,8.812],[35.498,8.632],[30.217,8.152],[25.235,10.633],[18.014,13.734],[17.413,13.753],[10.252,11.593],[5.171,9.872],[-0.31,11.193],[-7.932,12.633],[-15.074,8.992],[-19.695,6.291],[-25.496,6.592],[-33.038,6.672],[-39.659,1.771],[-43.579,-1.49],[-49.962,-2.211],[-56.803,-3.15],[-62.704,-8.632],[-60.984,-13.753],[-59.404,-11.013],[-55.003,-6.731],[-50.022,-6.212],[-42.06,-5.191],[-36.778,-1.011],[-31.797,2.87],[-26.176,2.651],[-18.775,2.41],[-12.693,5.772],[-7.352,8.672],[-1.671,7.432],[5.351,5.871],[11.933,7.972],[17.734,9.752],[23.055,7.272],[29.456,4.231],[36.278,4.692],[42.379,5.011],[46.9,1.29],[52.322,-3.27],[58.963,-4.551],[61.123,-4.711]],"c":true},"ix":2},"nm":"Path 1","mn":"ADBE Vector Shape - Group","hd":false},{"ty":"fl","c":{"a":0,"k":[1,0.851000019148,0.250999989229,1],"ix":4},"o":{"a":0,"k":100,"ix":5},"r":1,"bm":0,"nm":"Fill 1","mn":"ADBE Vector Graphic - Fill","hd":false},{"ty":"tr","p":{"a":0,"k":[474.656,689.6],"ix":2},"a":{"a":0,"k":[0,0],"ix":1},"s":{"a":0,"k":[100,100],"ix":3},"r":{"a":0,"k":0,"ix":6},"o":{"a":0,"k":100,"ix":7},"sk":{"a":0,"k":0,"ix":4},"sa":{"a":0,"k":0,"ix":5},"nm":"Transform"}],"nm":"Group 2","np":2,"cix":2,"bm":0,"ix":2,"mn":"ADBE Vector Group","hd":false},{"ty":"gr","it":[{"ind":0,"ty":"sh","ix":1,"ks":{"a":0,"k":{"i":[[0,0],[68.516,50.512],[0,0],[0,0],[0,0],[-23.506,-4.501],[0,0],[0,0]],"o":[[0,0],[0,0],[0,0],[0,0],[0,0],[0,0],[0,0],[0,0]],"v":[[64.765,39.008],[-64.765,31.006],[-62.964,25.685],[-61.244,20.564],[-31.757,-67.016],[16.754,-77.018],[60.864,29.607],[62.444,33.406]],"c":true},"ix":2},"nm":"Path 1","mn":"ADBE Vector Shape - Group","hd":false},{"ty":"fl","c":{"a":0,"k":[1,0.607999973671,0.337000020345,1],"ix":4},"o":{"a":0,"k":100,"ix":5},"r":1,"bm":0,"nm":"Fill 1","mn":"ADBE Vector Graphic - Fill","hd":false},{"ty":"tr","p":{"a":0,"k":[474.916,655.283],"ix":2},"a":{"a":0,"k":[0,0],"ix":1},"s":{"a":0,"k":[100,100],"ix":3},"r":{"a":0,"k":0,"ix":6},"o":{"a":0,"k":100,"ix":7},"sk":{"a":0,"k":0,"ix":4},"sa":{"a":0,"k":0,"ix":5},"nm":"Transform"}],"nm":"Group 3","np":2,"cix":2,"bm":0,"ix":3,"mn":"ADBE Vector Group","hd":false}],"ip":0,"op":150,"st":0,"bm":0},{"ddd":0,"ind":8,"ty":4,"nm":"hand2","parent":7,"sr":1,"ks":{"o":{"a":0,"k":100,"ix":11},"r":{"a":1,"k":[{"i":{"x":[0.674],"y":[1]},"o":{"x":[0.54],"y":[0]},"t":12,"s":[104]},{"i":{"x":[0.674],"y":[1]},"o":{"x":[0.167],"y":[0]},"t":43,"s":[0]},{"i":{"x":[0.667],"y":[1]},"o":{"x":[0.167],"y":[0]},"t":90,"s":[0]},{"t":120,"s":[104]}],"ix":10},"p":{"a":1,"k":[{"i":{"x":0.673,"y":1},"o":{"x":0.513,"y":0},"t":11,"s":[477.062,572.037,0],"to":[0,0,0],"ti":[-11.639,-0.81,0]},{"i":{"x":0.673,"y":1},"o":{"x":0.167,"y":0},"t":46,"s":[478.062,606.037,0],"to":[0.411,0.155,0],"ti":[0,0,0]},{"i":{"x":0.667,"y":1},"o":{"x":0.167,"y":0},"t":88,"s":[478.062,606.037,0],"to":[-8.04,-11.105,0],"ti":[4.587,-3.331,0]},{"t":120,"s":[477.062,572.037,0]}],"ix":2},"a":{"a":0,"k":[478.062,606.037,0],"ix":1},"s":{"a":0,"k":[100,100,100],"ix":6}},"ao":0,"shapes":[{"ty":"gr","it":[{"ind":0,"ty":"sh","ix":1,"ks":{"a":0,"k":{"i":[[0,0],[3.513,-3.21]],"o":[[-2.799,3.424],[-0.856,-16.21]],"v":[[5.172,-2.006],[-4.316,8.105]],"c":true},"ix":2},"nm":"Path 1","mn":"ADBE Vector Shape - Group","hd":false},{"ty":"fl","c":{"a":0,"k":[0.889999988032,0.493999974868,0.337000020345,1],"ix":4},"o":{"a":0,"k":100,"ix":5},"r":1,"bm":0,"nm":"Fill 1","mn":"ADBE Vector Graphic - Fill","hd":false},{"ty":"tr","p":{"a":0,"k":[528.583,582.598],"ix":2},"a":{"a":0,"k":[0,0],"ix":1},"s":{"a":0,"k":[100,100],"ix":3},"r":{"a":0,"k":0,"ix":6},"o":{"a":0,"k":100,"ix":7},"sk":{"a":0,"k":0,"ix":4},"sa":{"a":0,"k":0,"ix":5},"nm":"Transform"}],"nm":"Group 2","np":2,"cix":2,"bm":0,"ix":2,"mn":"ADBE Vector Group","hd":false},{"ty":"gr","it":[{"ind":0,"ty":"sh","ix":1,"ks":{"a":0,"k":{"i":[[-1.26,-5.901],[0.68,-0.96],[3.44,1.381],[-0.46,0.821]],"o":[[-0.76,1.32],[-0.62,-5.781],[0.279,-0.68],[3.28,0.321]],"v":[[5.241,3.841],[3.04,7.302],[-5.241,-5.021],[-4.101,-7.302]],"c":true},"ix":2},"nm":"Path 1","mn":"ADBE Vector Shape - Group","hd":false},{"ty":"fl","c":{"a":0,"k":[0.961000031116,0.670999983245,0.607999973671,1],"ix":4},"o":{"a":0,"k":100,"ix":5},"r":1,"bm":0,"nm":"Fill 1","mn":"ADBE Vector Graphic - Fill","hd":false},{"ty":"tr","p":{"a":0,"k":[545.443,545.837],"ix":2},"a":{"a":0,"k":[0,0],"ix":1},"s":{"a":0,"k":[100,100],"ix":3},"r":{"a":0,"k":0,"ix":6},"o":{"a":0,"k":100,"ix":7},"sk":{"a":0,"k":0,"ix":4},"sa":{"a":0,"k":0,"ix":5},"nm":"Transform"}],"nm":"Group 3","np":2,"cix":2,"bm":0,"ix":3,"mn":"ADBE Vector Group","hd":false},{"ty":"gr","it":[{"ind":0,"ty":"sh","ix":1,"ks":{"a":0,"k":{"i":[[5.278,-10.147],[6.759,-8.256],[3.513,-3.21],[14.106,0.57],[0,0],[-4.138,2.853]],"o":[[-2.051,3.959],[-2.8,3.424],[-9.648,8.844],[-18.047,-0.714],[0,0],[4.137,-2.835]],"v":[[35.827,-11.993],[22.38,8.282],[12.893,18.394],[-23.057,33.695],[-28.585,13.543],[25.734,-31.431]],"c":true},"ix":2},"nm":"Path 1","mn":"ADBE Vector Shape - Group","hd":false},{"ty":"fl","c":{"a":0,"k":[1,0.685999971278,0.337000020345,1],"ix":4},"o":{"a":0,"k":100,"ix":5},"r":1,"bm":0,"nm":"Fill 1","mn":"ADBE Vector Graphic - Fill","hd":false},{"ty":"tr","p":{"a":0,"k":[511.374,572.309],"ix":2},"a":{"a":0,"k":[0,0],"ix":1},"s":{"a":0,"k":[100,100],"ix":3},"r":{"a":0,"k":0,"ix":6},"o":{"a":0,"k":100,"ix":7},"sk":{"a":0,"k":0,"ix":4},"sa":{"a":0,"k":0,"ix":5},"nm":"Transform"}],"nm":"Group 4","np":2,"cix":2,"bm":0,"ix":4,"mn":"ADBE Vector Group","hd":false},{"ty":"gr","it":[{"ind":0,"ty":"sh","ix":1,"ks":{"a":0,"k":{"i":[[-9.34,6.002],[3.75,9.752],[-0.75,-2.625],[0,0]],"o":[[0,0],[-3.751,-9.752],[0.75,2.626],[0,0]],"v":[[1.126,13.378],[8.628,-9.627],[-5.625,0.625],[-12.378,5.376]],"c":true},"ix":2},"nm":"Path 1","mn":"ADBE Vector Shape - Group","hd":false},{"ty":"fl","c":{"a":0,"k":[1,0.779999976065,0.732999973671,1],"ix":4},"o":{"a":0,"k":100,"ix":5},"r":1,"bm":0,"nm":"Fill 1","mn":"ADBE Vector Graphic - Fill","hd":false},{"ty":"tr","p":{"a":0,"k":[545.3,542.503],"ix":2},"a":{"a":0,"k":[0,0],"ix":1},"s":{"a":0,"k":[100,100],"ix":3},"r":{"a":0,"k":0,"ix":6},"o":{"a":0,"k":100,"ix":7},"sk":{"a":0,"k":0,"ix":4},"sa":{"a":0,"k":0,"ix":5},"nm":"Transform"}],"nm":"Group 5","np":2,"cix":2,"bm":0,"ix":5,"mn":"ADBE Vector Group","hd":false}],"ip":0,"op":150,"st":0,"bm":0},{"ddd":0,"ind":9,"ty":4,"nm":"leg1","sr":1,"ks":{"o":{"a":0,"k":100,"ix":11},"r":{"a":1,"k":[{"i":{"x":[0.836],"y":[1]},"o":{"x":[0.333],"y":[0]},"t":0,"s":[-13]},{"i":{"x":[0.667],"y":[1]},"o":{"x":[0.333],"y":[0]},"t":50,"s":[0]},{"t":120,"s":[-13]}],"ix":10},"p":{"a":1,"k":[{"i":{"x":0.874,"y":1},"o":{"x":0.511,"y":0},"t":0,"s":[442.392,689.035,0],"to":[1.5,-1.583,0],"ti":[0,0,0]},{"i":{"x":0.667,"y":1},"o":{"x":0.333,"y":0},"t":34,"s":[451.392,679.535,0],"to":[0,0,0],"ti":[1.5,-1.583,0]},{"t":120,"s":[442.392,689.035,0]}],"ix":2},"a":{"a":0,"k":[447.392,682.535,0],"ix":1},"s":{"a":0,"k":[100,100,100],"ix":6}},"ao":0,"shapes":[{"ty":"gr","it":[{"ind":0,"ty":"sh","ix":1,"ks":{"a":0,"k":{"i":[[0,0],[0,0],[5.662,2.96],[3.3,3.162],[0,0]],"o":[[0,0],[-4.761,-0.801],[-5.141,-2.701],[0,0],[0,0]],"v":[[20.805,-16.724],[8.081,24.606],[-7.963,18.905],[-20.805,9.882],[-11.464,-24.606]],"c":true},"ix":2},"nm":"Path 1","mn":"ADBE Vector Shape - Group","hd":false},{"ty":"fl","c":{"a":0,"k":[1,0.779999976065,0.732999973671,1],"ix":4},"o":{"a":0,"k":100,"ix":5},"r":1,"bm":0,"nm":"Fill 1","mn":"ADBE Vector Graphic - Fill","hd":false},{"ty":"tr","p":{"a":0,"k":[454.611,708.384],"ix":2},"a":{"a":0,"k":[0,0],"ix":1},"s":{"a":0,"k":[100,100],"ix":3},"r":{"a":0,"k":0,"ix":6},"o":{"a":0,"k":100,"ix":7},"sk":{"a":0,"k":0,"ix":4},"sa":{"a":0,"k":0,"ix":5},"nm":"Transform"}],"nm":"Group 1","np":2,"cix":2,"bm":0,"ix":1,"mn":"ADBE Vector Group","hd":false},{"ty":"gr","it":[{"ind":0,"ty":"sh","ix":1,"ks":{"a":0,"k":{"i":[[5.301,-12.723],[-6.501,33.248],[0,0],[-4.161,-4.001],[-5.141,-2.702],[-4.761,-0.801],[-1.56,2.961],[0,0]],"o":[[-8.762,21.005],[0,0],[-0.239,3.06],[3.301,3.161],[5.662,2.959],[6.221,1.059],[0,0],[0,0]],"v":[[30.487,25.675],[-29.287,-8.333],[-18.925,-46.681],[-12.623,-35.619],[0.22,-26.596],[16.264,-20.895],[28.846,-23.677],[20.985,4.171]],"c":true},"ix":2},"nm":"Path 1","mn":"ADBE Vector Shape - Group","hd":false},{"ty":"fl","c":{"a":0,"k":[0.851000019148,0,0.180000005984,1],"ix":4},"o":{"a":0,"k":100,"ix":5},"r":1,"bm":0,"nm":"Fill 1","mn":"ADBE Vector Graphic - Fill","hd":false},{"ty":"tr","p":{"a":0,"k":[446.428,753.885],"ix":2},"a":{"a":0,"k":[0,0],"ix":1},"s":{"a":0,"k":[100,100],"ix":3},"r":{"a":0,"k":0,"ix":6},"o":{"a":0,"k":100,"ix":7},"sk":{"a":0,"k":0,"ix":4},"sa":{"a":0,"k":0,"ix":5},"nm":"Transform"}],"nm":"Group 2","np":2,"cix":2,"bm":0,"ix":2,"mn":"ADBE Vector Group","hd":false},{"ty":"gr","it":[{"ind":0,"ty":"sh","ix":1,"ks":{"a":0,"k":{"i":[[2.761,-5.261],[13.063,6.861],[-0.42,5.482],[0,0],[-13.043,-6.861]],"o":[[-2.761,5.241],[-11.663,-6.122],[0,0],[2.761,-5.262],[13.063,6.862]],"v":[[22.715,12.423],[-5.911,9.503],[-25.056,-10.582],[-24.556,-12.402],[4.071,-9.502]],"c":true},"ix":2},"nm":"Path 1","mn":"ADBE Vector Shape - Group","hd":false},{"ty":"fl","c":{"a":0,"k":[0.513999968884,0,0.039000002543,1],"ix":4},"o":{"a":0,"k":100,"ix":5},"r":1,"bm":0,"nm":"Fill 1","mn":"ADBE Vector Graphic - Fill","hd":false},{"ty":"tr","p":{"a":0,"k":[452.56,717.786],"ix":2},"a":{"a":0,"k":[0,0],"ix":1},"s":{"a":0,"k":[100,100],"ix":3},"r":{"a":0,"k":0,"ix":6},"o":{"a":0,"k":100,"ix":7},"sk":{"a":0,"k":0,"ix":4},"sa":{"a":0,"k":0,"ix":5},"nm":"Transform"}],"nm":"Group 3","np":2,"cix":2,"bm":0,"ix":3,"mn":"ADBE Vector Group","hd":false},{"ty":"gr","it":[{"ind":0,"ty":"sh","ix":1,"ks":{"a":0,"k":{"i":[[-0.3,0.56],[0,0]],"o":[[0,0],[0.04,-0.66]],"v":[[0.25,-0.91],[-0.25,0.91]],"c":true},"ix":2},"nm":"Path 1","mn":"ADBE Vector Shape - Group","hd":false},{"ty":"fl","c":{"a":0,"k":[1,0.74900004069,0.337000020345,1],"ix":4},"o":{"a":0,"k":100,"ix":5},"r":1,"bm":0,"nm":"Fill 1","mn":"ADBE Vector Graphic - Fill","hd":false},{"ty":"tr","p":{"a":0,"k":[427.754,706.294],"ix":2},"a":{"a":0,"k":[0,0],"ix":1},"s":{"a":0,"k":[100,100],"ix":3},"r":{"a":0,"k":0,"ix":6},"o":{"a":0,"k":100,"ix":7},"sk":{"a":0,"k":0,"ix":4},"sa":{"a":0,"k":0,"ix":5},"nm":"Transform"}],"nm":"Group 4","np":2,"cix":2,"bm":0,"ix":4,"mn":"ADBE Vector Group","hd":false}],"ip":0,"op":150,"st":0,"bm":0},{"ddd":0,"ind":10,"ty":4,"nm":"leg2","sr":1,"ks":{"o":{"a":0,"k":100,"ix":11},"r":{"a":1,"k":[{"i":{"x":[0.807],"y":[1]},"o":{"x":[0.604],"y":[0]},"t":0,"s":[-8]},{"i":{"x":[0.807],"y":[1]},"o":{"x":[0.167],"y":[0]},"t":36,"s":[0]},{"i":{"x":[0.667],"y":[1]},"o":{"x":[0.167],"y":[0]},"t":100,"s":[0]},{"t":120,"s":[-8]}],"ix":10},"p":{"a":1,"k":[{"i":{"x":0.843,"y":1},"o":{"x":0.611,"y":0},"t":0,"s":[486.846,679.349,0],"to":[0.25,-0.417,0],"ti":[-0.25,0.417,0]},{"i":{"x":0.843,"y":0.843},"o":{"x":0.333,"y":0.333},"t":44,"s":[488.346,676.849,0],"to":[0,0,0],"ti":[0,0,0]},{"i":{"x":0.667,"y":1},"o":{"x":0.333,"y":0},"t":100,"s":[488.346,676.849,0],"to":[-0.25,0.417,0],"ti":[0.25,-0.417,0]},{"t":120,"s":[486.846,679.349,0]}],"ix":2},"a":{"a":0,"k":[486.846,679.349,0],"ix":1},"s":{"a":0,"k":[100,100,100],"ix":6}},"ao":0,"shapes":[{"ty":"gr","it":[{"ind":0,"ty":"sh","ix":1,"ks":{"a":0,"k":{"i":[[0,0],[0,0],[5.9,2.452],[3.565,2.858],[0,0]],"o":[[0,0],[-4.813,-0.378],[-5.359,-2.237],[0,0],[0,0]],"v":[[19.553,-18.64],[10.518,23.65],[-5.965,19.383],[-19.552,11.526],[-13.283,-23.649]],"c":true},"ix":2},"nm":"Path 1","mn":"ADBE Vector Shape - Group","hd":false},{"ty":"fl","c":{"a":0,"k":[1,0.779999976065,0.732999973671,1],"ix":4},"o":{"a":0,"k":100,"ix":5},"r":1,"bm":0,"nm":"Fill 1","mn":"ADBE Vector Graphic - Fill","hd":false},{"ty":"tr","p":{"a":0,"k":[489.05,702.999],"ix":2},"a":{"a":0,"k":[0,0],"ix":1},"s":{"a":0,"k":[100,100],"ix":3},"r":{"a":0,"k":0,"ix":6},"o":{"a":0,"k":100,"ix":7},"sk":{"a":0,"k":0,"ix":4},"sa":{"a":0,"k":0,"ix":5},"nm":"Transform"}],"nm":"Group 1","np":2,"cix":2,"bm":0,"ix":1,"mn":"ADBE Vector Group","hd":false},{"ty":"gr","it":[{"ind":0,"ty":"sh","ix":1,"ks":{"a":0,"k":{"i":[[4.161,-13.14],[-3.549,33.69],[0,0],[-4.497,-3.619],[-5.359,-2.238],[-4.813,-0.378],[-1.293,3.086],[0,0]],"o":[[-6.879,21.695],[0,0],[0.03,3.071],[3.566,2.859],[5.9,2.451],[6.29,0.509],[0,0],[0,0]],"v":[[30.962,23.016],[-31.574,-5.598],[-24.627,-44.711],[-17.376,-34.245],[-3.789,-26.389],[12.694,-22.123],[24.983,-26],[19.604,2.43]],"c":true},"ix":2},"nm":"Path 1","mn":"ADBE Vector Shape - Group","hd":false},{"ty":"fl","c":{"a":0,"k":[0.709999952129,0,0.180000005984,1],"ix":4},"o":{"a":0,"k":100,"ix":5},"r":1,"bm":0,"nm":"Fill 1","mn":"ADBE Vector Graphic - Fill","hd":false},{"ty":"tr","p":{"a":0,"k":[486.874,748.771],"ix":2},"a":{"a":0,"k":[0,0],"ix":1},"s":{"a":0,"k":[100,100],"ix":3},"r":{"a":0,"k":0,"ix":6},"o":{"a":0,"k":100,"ix":7},"sk":{"a":0,"k":0,"ix":4},"sa":{"a":0,"k":0,"ix":5},"nm":"Transform"}],"nm":"Group 2","np":2,"cix":2,"bm":0,"ix":2,"mn":"ADBE Vector Group","hd":false},{"ty":"gr","it":[{"ind":0,"ty":"sh","ix":1,"ks":{"a":0,"k":{"i":[[2.287,-5.484],[13.616,5.686],[0.064,5.497],[0,0],[-13.597,-5.687]],"o":[[-2.289,5.464],[-12.157,-5.07],[0,0],[2.287,-5.484],[13.616,5.685]],"v":[[23.662,10.294],[-5.11,9.904],[-25.949,-8.417],[-25.611,-10.274],[3.16,-9.905]],"c":true},"ix":2},"nm":"Path 1","mn":"ADBE Vector Shape - Group","hd":false},{"ty":"fl","c":{"a":0,"k":[0.477999997606,0,0.075,1],"ix":4},"o":{"a":0,"k":100,"ix":5},"r":1,"bm":0,"nm":"Fill 1","mn":"ADBE Vector Graphic - Fill","hd":false},{"ty":"tr","p":{"a":0,"k":[488.195,712.478],"ix":2},"a":{"a":0,"k":[0,0],"ix":1},"s":{"a":0,"k":[100,100],"ix":3},"r":{"a":0,"k":0,"ix":6},"o":{"a":0,"k":100,"ix":7},"sk":{"a":0,"k":0,"ix":4},"sa":{"a":0,"k":0,"ix":5},"nm":"Transform"}],"nm":"Group 3","np":2,"cix":2,"bm":0,"ix":3,"mn":"ADBE Vector Group","hd":false},{"ty":"gr","it":[{"ind":0,"ty":"sh","ix":1,"ks":{"a":0,"k":{"i":[[-0.25,0.585],[0,0]],"o":[[0,0],[-0.018,-0.661]],"v":[[0.178,-0.928],[-0.16,0.929]],"c":true},"ix":2},"nm":"Path 1","mn":"ADBE Vector Shape - Group","hd":false},{"ty":"fl","c":{"a":0,"k":[1,0.74900004069,0.337000020345,1],"ix":4},"o":{"a":0,"k":100,"ix":5},"r":1,"bm":0,"nm":"Fill 1","mn":"ADBE Vector Graphic - Fill","hd":false},{"ty":"tr","p":{"a":0,"k":[462.406,703.132],"ix":2},"a":{"a":0,"k":[0,0],"ix":1},"s":{"a":0,"k":[100,100],"ix":3},"r":{"a":0,"k":0,"ix":6},"o":{"a":0,"k":100,"ix":7},"sk":{"a":0,"k":0,"ix":4},"sa":{"a":0,"k":0,"ix":5},"nm":"Transform"}],"nm":"Group 4","np":2,"cix":2,"bm":0,"ix":4,"mn":"ADBE Vector Group","hd":false}],"ip":0,"op":150,"st":0,"bm":0},{"ddd":0,"ind":11,"ty":4,"nm":"shade","sr":1,"ks":{"o":{"a":0,"k":100,"ix":11},"r":{"a":0,"k":0,"ix":10},"p":{"a":0,"k":[474.233,777.157,0],"ix":2},"a":{"a":0,"k":[451.233,777.157,0],"ix":1},"s":{"a":1,"k":[{"i":{"x":[0.643,0.643,0.667],"y":[1,1,1]},"o":{"x":[0.569,0.569,0.333],"y":[0,0,0]},"t":0,"s":[81,81,100]},{"i":{"x":[0.643,0.643,0.667],"y":[1,1,1]},"o":{"x":[0.333,0.333,0.333],"y":[0,0,0]},"t":33,"s":[100,100,100]},{"i":{"x":[0.667,0.667,0.667],"y":[1,1,1]},"o":{"x":[0.333,0.333,0.333],"y":[0,0,0]},"t":100,"s":[100,100,100]},{"t":120,"s":[81,81,100]}],"ix":6}},"ao":0,"shapes":[{"ty":"gr","it":[{"ind":0,"ty":"sh","ix":1,"ks":{"a":0,"k":{"i":[[0,-10.406],[55.104,0],[0,10.407],[-55.103,0]],"o":[[0,10.407],[-55.103,0],[0,-10.406],[55.104,0]],"v":[[99.773,-0.001],[-0.001,18.844],[-99.773,-0.001],[-0.001,-18.844]],"c":true},"ix":2},"nm":"Path 1","mn":"ADBE Vector Shape - Group","hd":false},{"ty":"fl","c":{"a":0,"k":[0.902000038297,0.905999995213,0.910000011968,1],"ix":4},"o":{"a":0,"k":100,"ix":5},"r":1,"bm":0,"nm":"Fill 1","mn":"ADBE Vector Graphic - Fill","hd":false},{"ty":"tr","p":{"a":0,"k":[451.233,777.157],"ix":2},"a":{"a":0,"k":[0,0],"ix":1},"s":{"a":0,"k":[100,100],"ix":3},"r":{"a":0,"k":0,"ix":6},"o":{"a":0,"k":100,"ix":7},"sk":{"a":0,"k":0,"ix":4},"sa":{"a":0,"k":0,"ix":5},"nm":"Transform"}],"nm":"Group 1","np":2,"cix":2,"bm":0,"ix":1,"mn":"ADBE Vector Group","hd":false}],"ip":0,"op":150,"st":0,"bm":0},{"ddd":0,"ind":12,"ty":1,"nm":"BG","sr":1,"ks":{"o":{"a":0,"k":100,"ix":11},"r":{"a":0,"k":0,"ix":10},"p":{"a":0,"k":[540,540,0],"ix":2},"a":{"a":0,"k":[540,540,0],"ix":1},"s":{"a":0,"k":[100,100,100],"ix":6}},"ao":0,"sw":1080,"sh":1080,"sc":"#ffffff","ip":0,"op":150,"st":0,"bm":0}],"markers":[{"tm":46,"cm":"1","dr":0}]}